A P Tagazout,1,29,27,0,0,0,0,0,0,0,0
Andy Botterill,2,29,35,0,0,0,0,0,0,0,0
Anthony Cattaneo,3,29,11,0,0,0,0,0,0,0,0
Anthony Richards,4,29,5,0,0,0,0,0,0,0,0
Anthony Scamp,5,29,15,0,0,0,0,0,0,0,0
Artur Rica,6,29,13,0,0,0,0,0,0,0,0
Arvind Ladva,7,29,27,0,0,0,0,0,0,0,0
Barry Morrissey,8,29,21,29,0,0,0,0,0,0,0
Brian,9,29,29,0,0,0,0,0,0,0,0
Brian Blackburn,10,29,16,0,0,0,0,0,0,0,0
C. McGill,11,29,9,0,0,0,0,0,0,0,0
David M,12,29,23,0,0,0,0,0,0,0,0
David Tovey,13,29,2,0,0,0,0,0,0,0,0
Denis McCormick,14,29,23,29,0,0,0,0,0,0,0
Derek Francis,15,29,4,0,0,0,0,0,0,0,0
Eddie Brennan,16,29,8,0,0,0,0,0,0,0,0
Federico Gallo,17,29,2,13,21,0,0,0,0,0,0
Frank Gregson,18,29,29,0,0,0,0,0,0,0,0
G.A.S.,19,29,9,0,0,0,0,0,0,0,0
Gasan,20,29,35,0,0,0,0,0,0,0,0
Heather Bingham,21,29,13,21,0,0,0,0,0,0,0
Helen Burke,22,29,32,33,0,0,0,0,0,0,0
James Alexander Smith,23,29,33,0,0,0,0,0,0,0,0
Janet Mortimer,24,29,19,0,0,0,0,0,0,0,0
Jen Burnham,25,29,27,29,0,0,0,0,0,0,0
John Patrick Murphy,26,29,16,17,0,0,0,0,0,0,0
Joseph Fogarty,27,29,20,0,0,0,0,0,0,0,0
Joseph Kitson,28,29,20,28,29,0,0,0,0,0,0
Joseph Marinas,29,29,34,0,0,0,0,0,0,0,0
Joseph Monson,30,29,6,7,0,0,0,0,0,0,0
Joshua Mussie,31,29,11,0,0,0,0,0,0,0,0
Justin Imafidon,32,29,1,11,13,21,0,0,0,0,0
Karen Yardley,33,29,5,0,0,0,0,0,0,0,0
Karl Slater,34,29,18,19,0,0,0,0,0,0,0
Katy Macky Moore,35,29,24,25,29,0,0,0,0,0,0
Linda Jackson,36,29,26,27,0,0,0,0,0,0,0
Luc Figon,37,29,11,21,0,0,0,0,0,0,0
Luke Slevin,38,29,12,29,30,0,0,0,0,0,0
Maria Pastor,39,29,10,20,36,0,0,0,0,0,0
Mark Vine,40,29,14,0,0,0,0,0,0,0,0
Maxine Jordan,41,29,9,0,0,0,0,0,0,0,0
Pamela Besijye,42,29,11,0,0,0,0,0,0,0,0
Paul Sloat,43,29,14,0,0,0,0,0,0,0,0
R.A.C.,44,29,19,0,0,0,0,0,0,0,0
Reza Parto Azam,45,29,11,19,29,0,0,0,0,0,0
Robert Taggart,46,29,12,0,0,0,0,0,0,0,0
Ronald Hogben,47,29,15,0,0,0,0,0,0,0,0
Salina Faro,48,29,31,0,0,0,0,0,0,0,0
Sally Plumb,49,29,32,0,0,0,0,0,0,0,0
Spirits Rebellious,50,29,29,0,0,0,0,0,0,0,0
Tagzee,51,29,3,22,0,0,0,0,0,0,0
Tee Falcone,52,29,10,0,0,0,0,0,0,0,0
Tommy Downie,53,29,9,0,0,0,0,0,0,0,0
Zoe,54,29,13,0,0,0,0,0,0,0,0
A-Jay-T,55,28,8,0,0,0,0,0,0,0,0
Amy,56,28,7,0,0,0,0,0,0,0,0
Andreana Sutherland,57,28,1,4,0,0,0,0,0,0,0
Andrew Spencer,58,28,18,19,34,0,0,0,0,0,0
Andrew Whitely,59,28,11,0,0,0,0,0,0,0,0
Anonymous,60,28,16,0,0,0,0,0,0,0,0
Anthony Scamp,61,28,8,11,21,0,0,0,0,0,0
Arvind Ladva,62,28,15,0,0,0,0,0,0,0,0
Assiah Serroukh,63,28,29,0,0,0,0,0,0,0,0
Barry Morrissey,64,28,6,32,0,0,0,0,0,0,0
Brian,65,28,6,0,0,0,0,0,0,0,0
C. McGill,66,28,14,0,0,0,0,0,0,0,0
Claudia Cotton,67,28,15,0,0,0,0,0,0,0,0
Deborah Awobode,68,28,27,0,0,0,0,0,0,0,0
Denis McCormick,69,28,22,23,25,0,0,0,0,0,0
Ejiro Evwierhoma,70,28,3,11,32,34,0,0,0,0,0
Frank Gregson,71,28,10,15,22,0,0,0,0,0,0
Ian Stewart,72,28,31,0,0,0,0,0,0,0,0
J,73,28,11,0,0,0,0,0,0,0,0
J.L.T.,74,28,7,0,0,0,0,0,0,0,0
James O''Kelly,75,28,16,0,0,0,0,0,0,0,0
Jonathan Armstrong,76,28,32,0,0,0,0,0,0,0,0
Joseph Kitson,77,28,17,26,27,28,0,0,0,0,0
Joseph Monson,78,28,30,0,0,0,0,0,0,0,0
Katy Macky Moore,79,28,10,0,0,0,0,0,0,0,0
Kaya Saunders,80,28,4,0,0,0,0,0,0,0,0
Kenny Murphy,81,28,9,0,0,0,0,0,0,0,0
Lauren Bale,82,28,4,0,0,0,0,0,0,0,0
Lewis Mahoney,83,28,7,0,0,0,0,0,0,0,0
Linda Jackson,84,28,12,13,0,0,0,0,0,0,0
Llewellyn,85,28,9,0,0,0,0,0,0,0,0
Luke Slevin,86,28,2,10,16,21,25,29,30,0,0
M.A.,87,28,16,0,0,0,0,0,0,0,0
Maria Pastor,88,28,7,0,0,0,0,0,0,0,0
Mario Ortia,89,28,7,0,0,0,0,0,0,0,0
Mark A Murphy,90,28,34,0,0,0,0,0,0,0,0
Maurice O''Connor,91,28,14,0,0,0,0,0,0,0,0
Paul Bristow,92,28,5,0,0,0,0,0,0,0,0
Raffaele Listro,93,28,5,0,0,0,0,0,0,0,0
Reza Parto Azam,94,28,33,0,0,0,0,0,0,0,0
Rob Sprackland,95,28,5,0,0,0,0,0,0,0,0
Robert Perry,96,28,20,21,0,0,0,0,0,0,0
Robert Taggart,97,28,11,0,0,0,0,0,0,0,0
Ronald Hogben,98,28,31,0,0,0,0,0,0,0,0
Roy Aldridge,99,28,24,0,0,0,0,0,0,0,0
Ryan O''Connor,100,28,5,0,0,0,0,0,0,0,0
Sarah Dyble,101,28,36,0,0,0,0,0,0,0,0
Simon Phillips,102,28,10,15,0,0,0,0,0,0,0
Spirits Rebellious,103,28,6,0,0,0,0,0,0,0,0
Stephen Komarnyckyj,104,28,35,0,0,0,0,0,0,0,0
Steven Lilford Wildman,105,28,10,0,0,0,0,0,0,0,0
Tommy Downie,106,28,9,0,0,0,0,0,0,0,0
Angela Rowe,107,27,18,0,0,0,0,0,0,0,0
Artur Rica,108,27,11,0,0,0,0,0,0,0,0
Arvind Ladva,109,27,23,0,0,0,0,0,0,0,0
Assiah Serroukh,110,27,31,0,0,0,0,0,0,0,0
Bag Design at Recovery College,111,27,27,0,0,0,0,0,0,0,0
Barry Morrissey,112,27,7,0,0,0,0,0,0,0,0
Catherine Nagle,113,27,8,0,0,0,0,0,0,0,0
Claudia Cotton,114,27,5,0,0,0,0,0,0,0,0
Constantin Enach,115,27,16,0,0,0,0,0,0,0,0
Daniel Mateus,116,27,1,15,0,0,0,0,0,0,0
David Cunningham,117,27,34,35,0,0,0,0,0,0,0
Denero Richards,118,27,27,0,0,0,0,0,0,0,0
Denis McCormick,119,27,4,0,0,0,0,0,0,0,0
Ejiro Evwierhoma,120,27,36,0,0,0,0,0,0,0,0
Emma Day,121,27,16,0,0,0,0,0,0,0,0
Farhana Islam,122,27,16,0,0,0,0,0,0,0,0
Gasan,123,27,35,0,0,0,0,0,0,0,0
Ioan Sorin,124,27,25,0,0,0,0,0,0,0,0
Jade,125,27,24,0,0,0,0,0,0,0,0
Jama Jama,126,27,16,0,0,0,0,0,0,0,0
James Corner,127,27,17,25,0,0,0,0,0,0,0
James O''Kelly,128,27,23,0,0,0,0,0,0,0,0
Janet Hull,129,27,17,18,0,0,0,0,0,0,0
Jelena Rosniece,130,27,14,17,0,0,0,0,0,0,0
Jeremiah,131,27,24,0,0,0,0,0,0,0,0
Jill Patterson,132,27,19,0,0,0,0,0,0,0,0
Jonathan Armstrong,133,27,6,0,0,0,0,0,0,0,0
Joseph Kitson,134,27,6,7,28,32,0,0,0,0,0
Joseph Monson,135,27,10,0,0,0,0,0,0,0,0
Katy Macky Moore,136,27,9,0,0,0,0,0,0,0,0
Kenny Murphy,137,27,22,0,0,0,0,0,0,0,0
Krishna Rajbahak,138,27,25,0,0,0,0,0,0,0,0
Leila Persaud,139,27,14,15,0,0,0,0,0,0,0
Luke Slevin,140,27,11,20,23,30,31,33,0,0,0
M''Tola King (CJ),141,27,33,0,0,0,0,0,0,0,0
Macayla Dawes,142,27,17,0,0,0,0,0,0,0,0
Marc Satria,143,27,16,0,0,0,0,0,0,0,0
Maria Pastor,144,27,1,9,0,0,0,0,0,0,0
Melvin Penny,145,27,29,0,0,0,0,0,0,0,0
Meshack Pond,146,27,22,0,0,0,0,0,0,0,0
Michael Gayle,147,27,32,0,0,0,0,0,0,0,0
Michelle Hill,148,27,31,0,0,0,0,0,0,0,0
Neil Williams,149,27,15,16,0,0,0,0,0,0,0
Nica,150,27,14,15,16,17,18,25,26,29,0
Outside In Women''s Group,151,27,1,19,0,0,0,0,0,0,0
Paul Hensman,152,27,15,16,0,0,0,0,0,0,0
Paula Wichall,153,27,21,0,0,0,0,0,0,0,0
Reza Parto Azam,154,27,9,0,0,0,0,0,0,0,0
Robert Conolly,155,27,21,0,0,0,0,0,0,0,0
Robert Perry,156,27,20,0,0,0,0,0,0,0,0
Ronald Hogben,157,27,13,0,0,0,0,0,0,0,0
Roy Aldridge,158,27,5,12,0,0,0,0,0,0,0
Sara Nunn,159,27,31,0,0,0,0,0,0,0,0
Sergio Graft,160,27,14,16,0,0,0,0,0,0,0
Shane Kiely,161,27,25,0,0,0,0,0,0,0,0
Stavroulla Andreou,162,27,8,0,0,0,0,0,0,0,0
Steve McIntosh,163,27,18,0,0,0,0,0,0,0,0
Themoulla Themistocleous,164,27,14,18,0,0,0,0,0,0,0
Tommy Downie,165,27,31,0,0,0,0,0,0,0,0
Varrel Morgan,166,27,12,0,0,0,0,0,0,0,0
Viorel Dobos,167,27,16,0,0,0,0,0,0,0,0
Vivien Balogun,168,27,16,0,0,0,0,0,0,0,0
Well Being Day Collective,169,27,2,0,0,0,0,0,0,0,0
Angela,170,26,23,0,0,0,0,0,0,0,0
Anthony Ikwueme,171,26,13,0,0,0,0,0,0,0,0
Assiah Serroukh,172,26,29,0,0,0,0,0,0,0,0
Barry Morrissey,173,26,12,36,0,0,0,0,0,0,0
Biker,174,26,23,0,0,0,0,0,0,0,0
Carolina,175,26,23,0,0,0,0,0,0,0,0
Charlie,176,26,9,0,0,0,0,0,0,0,0
Colin James,177,26,35,0,0,0,0,0,0,0,0
David Wheadon,178,26,31,0,0,0,0,0,0,0,0
Dean Uba,179,26,21,0,0,0,0,0,0,0,0
Denis McCormick,180,26,16,0,0,0,0,0,0,0,0
Diana Lazarevich,181,26,35,0,0,0,0,0,0,0,0
Donna Gray,182,26,13,0,0,0,0,0,0,0,0
Ejiro Evwierhoma,183,26,1,6,13,18,19,31,0,0,0
Emma,184,26,27,0,0,0,0,0,0,0,0
Frank Gregson,185,26,6,0,0,0,0,0,0,0,0
Gasan,186,26,9,35,0,0,0,0,0,0,0
Greg,187,26,23,0,0,0,0,0,0,0,0
Greg Brummel,188,26,29,0,0,0,0,0,0,0,0
Hassan,189,26,27,0,0,0,0,0,0,0,0
James O''Kelly,190,26,6,0,0,0,0,0,0,0,0
Jelena,191,26,26,0,0,0,0,0,0,0,0
Jeremiah,192,26,15,0,0,0,0,0,0,0,0
John Walker,193,26,6,0,0,0,0,0,0,0,0
Joseph Kitson,194,26,4,5,10,12,0,0,0,0,0
Joseph Monson,195,26,12,32,0,0,0,0,0,0,0
Katy Macky Moore,196,26,2,7,0,0,0,0,0,0,0
Kirsty Dunsby,197,26,15,0,0,0,0,0,0,0,0
Levi Jacub,198,26,33,0,0,0,0,0,0,0,0
Luke Slevin,199,26,9,21,24,25,29,0,0,0,0
M''Tola King (CJ),200,26,30,31,0,0,0,0,0,0,0
Marcus Lamont,201,26,12,0,0,0,0,0,0,0,0
Margaret Galvin,202,26,34,0,0,0,0,0,0,0,0
Neil Burns,203,26,14,0,0,0,0,0,0,0,0
Nica Candik,204,26,26,28,0,0,0,0,0,0,0
Outside In Women''s Group,205,26,0,0,0,0,0,0,0,0,0
Patrick,206,26,28,0,0,0,0,0,0,0,0
Reza Parto Azam,207,26,11,0,0,0,0,0,0,0,0
Richard Odonuga,208,26,7,0,0,0,0,0,0,0,0
Robert Fern,209,26,34,0,0,0,0,0,0,0,0
Ronald Hogben,210,26,20,0,0,0,0,0,0,0,0
Roy Aldridge,211,26,12,13,15,17,0,0,0,0,0
Sally Plumb,212,26,33,0,0,0,0,0,0,0,0
Sergio,213,26,22,27,0,0,0,0,0,0,0
Shane Kiely,214,26,3,9,25,27,33,0,0,0,0
Simon Phillips,215,26,4,5,0,0,0,0,0,0,0
Steve McIntosh,216,26,1,26,0,0,0,0,0,0,0
The North London Women''s Projec,217,26,24,0,0,0,0,0,0,0,0
Themoulla Themistocleous,218,26,28,0,0,0,0,0,0,0,0
Vanessa,219,26,22,0,0,0,0,0,0,0,0
Varrel Morgan,220,26,22,23,0,0,0,0,0,0,0
Yousif Farah,221,26,8,0,0,0,0,0,0,0,0
Yvonne,222,26,18,0,0,0,0,0,0,0,0
Angela Rowe,223,25,5,0,0,0,0,0,0,0,0
Antoinette Assor,224,25,13,0,0,0,0,0,0,0,0
Arvind Ladva,225,25,8,9,0,0,0,0,0,0,0
Barry Morrissey,226,25,18,0,0,0,0,0,0,0,0
Bee Smith,227,25,26,0,0,0,0,0,0,0,0
David Wheadon,228,25,23,0,0,0,0,0,0,0,0
Denis McCormick,229,25,25,0,0,0,0,0,0,0,0
Dorian Dyler,230,25,29,0,0,0,0,0,0,0,0
Edwin Field,231,25,1,13,0,0,0,0,0,0,0
Egg,232,25,19,0,0,0,0,0,0,0,0
Ejiro Evwierhoma,233,25,16,17,21,32,0,0,0,0,0
Eva Hussain,234,25,27,0,0,0,0,0,0,0,0
Gergo Brummel,235,25,4,0,0,0,0,0,0,0,0
Gloria Keeley,236,25,31,0,0,0,0,0,0,0,0
Ian Stewart,237,25,12,0,0,0,0,0,0,0,0
James O''Kelly,238,25,28,0,0,0,0,0,0,0,0
Jeremiah,239,25,25,0,0,0,0,0,0,0,0
John Walker,240,25,21,0,0,0,0,0,0,0,0
Joseph Kitson,241,25,10,11,25,0,0,0,0,0,0
Joseph Monson,242,25,22,0,0,0,0,0,0,0,0
Katy Macky Moore,243,25,3,0,0,0,0,0,0,0,0
Kenny Murphy,244,25,6,0,0,0,0,0,0,0,0
Krishna ,245,25,11,0,0,0,0,0,0,0,0
Leanne Drain,246,25,29,0,0,0,0,0,0,0,0
Lewis Mahoney,247,25,10,0,0,0,0,0,0,0,0
Luke Slevin,248,25,12,15,28,0,0,0,0,0,0
Mario,249,25,20,0,0,0,0,0,0,0,0
Mark Lockyer,250,25,14,0,0,0,0,0,0,0,0
Michael,251,25,15,0,0,0,0,0,0,0,0
Neil Burns,252,25,20,0,0,0,0,0,0,0,0
Patrick Lavery,253,25,4,0,0,0,0,0,0,0,0
Reza Parto Azam,254,25,7,0,0,0,0,0,0,0,0
Rob Taggart,255,25,14,0,0,0,0,0,0,0,0
Robert Anton Smith,256,25,9,0,0,0,0,0,0,0,0
Robert Ferns,257,25,31,0,0,0,0,0,0,0,0
Ronald Hogben,258,25,18,19,0,0,0,0,0,0,0
Roy Aldridge,259,25,24,0,0,0,0,0,0,0,0
Sara Rafael,260,25,5,0,0,0,0,0,0,0,0
Steve McIntosh,261,25,5,0,0,0,0,0,0,0,0
Sushant Supriye,262,25,31,0,0,0,0,0,0,0,0
Tom,263,25,11,0,0,0,0,0,0,0,0
Alan Baverstock,264,24,21,0,0,0,0,0,0,0,0
Alison Watson,265,24,3,0,0,0,0,0,0,0,0
Andreana Sutherland,266,24,14,15,0,0,0,0,0,0,0
Arvind Ladva,267,24,9,0,0,0,0,0,0,0,0
Barry Morrissey,268,24,31,0,0,0,0,0,0,0,0
David Heaney,269,24,29,0,0,0,0,0,0,0,0
Eddie Brennan,270,24,4,0,0,0,0,0,0,0,0
Ejiro Evwierhoma,271,24,22,23,0,0,0,0,0,0,0
Francesca Rallo,272,24,13,0,0,0,0,0,0,0,0
Frank Gregson,273,24,5,0,0,0,0,0,0,0,0
Gasan,274,24,1,4,13,34,35,36,0,0,0
George Williams,275,24,29,0,0,0,0,0,0,0,0
Gloria Keeley,276,24,32,0,0,0,0,0,0,0,0
Ian Stewart,277,24,24,0,0,0,0,0,0,0,0
Joaquim Menezes,278,24,13,0,0,0,0,0,0,0,0
John Murphy,279,24,11,0,0,0,0,0,0,0,0
John Walker,280,24,11,0,0,0,0,0,0,0,0
Joseph Kitson,281,24,2,6,7,0,0,0,0,0,0
Joseph Monson,282,24,8,0,0,0,0,0,0,0,0
Katy Macky Moore,283,24,16,17,0,0,0,0,0,0,0
Ken Brangan,284,24,15,0,0,0,0,0,0,0,0
Lee Harrison,285,24,16,0,0,0,0,0,0,0,0
Lewis Mahoney,286,24,4,0,0,0,0,0,0,0,0
Luke Slevin,287,24,5,10,20,21,26,31,0,0,0
Marc Carver,288,24,33,0,0,0,0,0,0,0,0
Michael Lee Johnson,289,24,33,0,0,0,0,0,0,0,0
Nazmunisa,290,24,28,0,0,0,0,0,0,0,0
Nicholas Bell,291,24,13,0,0,0,0,0,0,0,0
North London Women''s Hostel,292,24,18,19,0,0,0,0,0,0,0
Osita Nwankwo,293,24,32,0,0,0,0,0,0,0,0
Reza Parto Azam,294,24,29,0,0,0,0,0,0,0,0
Robert Perry,295,24,20,21,0,0,0,0,0,0,0
Ronald Hogben,296,24,9,0,0,0,0,0,0,0,0
Roy Aldridge,297,24,12,0,0,0,0,0,0,0,0
Salim Ismail,298,24,10,0,0,0,0,0,0,0,0
Shanell Jacobs,299,24,24,0,0,0,0,0,0,0,0
Toni Assor,300,24,15,0,0,0,0,0,0,0,0
Well Being Day Collective,301,24,26,27,0,0,0,0,0,0,0
Yousif Farah,302,24,24,25,30,0,0,0,0,0,0
Andreana Sutherland,303,23,4,5,0,0,0,0,0,0,0
Arvind Ladva,304,23,23,0,0,0,0,0,0,0,0
Barry Morrissey,305,23,16,0,0,0,0,0,0,0,0
Dean Uba,306,23,28,0,0,0,0,0,0,0,0
Duwane Morrison,307,23,25,0,0,0,0,0,0,0,0
Ejiro Evwierhoma,308,23,8,9,0,0,0,0,0,0,0
Fikade Assefa,309,23,10,0,0,0,0,0,0,0,0
Frank ,310,23,28,0,0,0,0,0,0,0,0
Frank Gregson,311,23,5,0,0,0,0,0,0,0,0
Helen Burke,312,23,30,31,0,0,0,0,0,0,0
Hicham Bensassi,313,23,22,0,0,0,0,0,0,0,0
Jessica Coley,314,23,21,0,0,0,0,0,0,0,0
Jimmy Connelly,315,23,2,6,0,0,0,0,0,0,0
Joaquim Menezes,316,23,17,0,0,0,0,0,0,0,0
John Murphy,317,23,16,0,0,0,0,0,0,0,0
Jonathan Gould,318,23,26,0,0,0,0,0,0,0,0
Joseph Kitson,319,23,4,11,0,0,0,0,0,0,0
Joseph Monson,320,23,6,7,0,0,0,0,0,0,0
Katy Macky Moore,321,23,13,14,0,0,0,0,0,0,0
Keith Kirby,322,23,12,0,0,0,0,0,0,0,0
Lewis Mahoney,323,23,28,0,0,0,0,0,0,0,0
Luke Slevin,324,23,10,17,23,28,0,0,0,0,0
Marc Carver,325,23,29,0,0,0,0,0,0,0,0
Mark Jennings,326,23,23,0,0,0,0,0,0,0,0
Ossy,327,23,12,0,0,0,0,0,0,0,0
Pamela Besijye,328,23,27,0,0,0,0,0,0,0,0
Reza Parto Azam,329,23,10,0,0,0,0,0,0,0,0
Ronald Hogben,330,23,9,0,0,0,0,0,0,0,0
Roy Aldridge,331,23,3,22,0,0,0,0,0,0,0
Salim Ismail,332,23,29,0,0,0,0,0,0,0,0
Well Being Day Collective,333,23,24,0,0,0,0,0,0,0,0
Yousif Farah,334,23,15,0,0,0,0,0,0,0,0
Yvette Brewster,335,23,1,18,19,0,0,0,0,0,0
Adrian Cramp,336,22,8,25,26,0,0,0,0,0,0
Afii,337,22,22,0,0,0,0,0,0,0,0
Alex,338,22,10,0,0,0,0,0,0,0,0
Anshu Asthana,339,22,1,16,17,18,19,0,0,0,0
Anthony Powell,340,22,8,0,0,0,0,0,0,0,0
Anushka Asthana,341,22,17,18,0,0,0,0,0,0,0
Barry Morrissey,342,22,10,0,0,0,0,0,0,0,0
Brendan Moloney,343,22,13,14,0,0,0,0,0,0,0
Calvin Ward,344,22,11,0,0,0,0,0,0,0,0
Carl Wilmot,345,22,14,0,0,0,0,0,0,0,0
Chichester Road Group,346,22,14,0,0,0,0,0,0,0,0
Chris Rutter,347,22,13,0,0,0,0,0,0,0,0
Clare McGloughlin,348,22,15,0,0,0,0,0,0,0,0
Desmond Kelly,349,22,13,14,0,0,0,0,0,0,0
Eddie Brennan,350,22,7,11,24,0,0,0,0,0,0
Ejiro Evwierhoma,351,22,9,0,0,0,0,0,0,0,0
Elliot Muchenje,352,22,11,0,0,0,0,0,0,0,0
Fatima Jobe,353,22,15,0,0,0,0,0,0,0,0
Frank Gregson,354,22,23,0,0,0,0,0,0,0,0
Ian Stewart,355,22,26,0,0,0,0,0,0,0,0
Jan Berghe,356,22,3,23,0,0,0,0,0,0,0
Jason Handy,357,22,15,0,0,0,0,0,0,0,0
Joaquim Menezes,358,22,5,23,26,0,0,0,0,0,0
John Richards,359,22,24,0,0,0,0,0,0,0,0
Joseph Kitson,360,22,28,29,0,0,0,0,0,0,0
Katy Macky Moore,361,22,20,0,0,0,0,0,0,0,0
Keith Kirby,362,22,22,23,0,0,0,0,0,0,0
Keith Stride,363,22,25,0,0,0,0,0,0,0,0
Kenny Murphy,364,22,27,0,0,0,0,0,0,0,0
Kirstin Mcguire,365,22,12,13,0,0,0,0,0,0,0
Krishna ,366,22,27,0,0,0,0,0,0,0,0
Kristina Lemola,367,22,32,0,0,0,0,0,0,0,0
Lee Harrison,368,22,20,21,0,0,0,0,0,0,0
Lyneth Hinds,369,22,6,7,0,0,0,0,0,0,0
Marc Carver,370,22,30,0,0,0,0,0,0,0,0
Maria Hazel,371,22,15,0,0,0,0,0,0,0,0
Mark Knowles,372,22,7,0,0,0,0,0,0,0,0
Maurice O''Connor,373,22,13,14,0,0,0,0,0,0,0
Michael Mackey,374,22,14,0,0,0,0,0,0,0,0
Peter Behan,375,22,10,11,0,0,0,0,0,0,0
Peter Madden,376,22,30,0,0,0,0,0,0,0,0
Philip Richards,377,22,14,0,0,0,0,0,0,0,0
Phillip Powell,378,22,14,0,0,0,0,0,0,0,0
Qassem Ali,379,22,32,0,0,0,0,0,0,0,0
Reza Parto Azam,380,22,29,0,0,0,0,0,0,0,0
Roger Moat,381,22,10,0,0,0,0,0,0,0,0
Roy Aldridge,382,22,22,0,0,0,0,0,0,0,0
Tim Smith,383,22,30,0,0,0,0,0,0,0,0
Tommy Lyons,384,22,14,0,0,0,0,0,0,0,0
William Jackson,385,22,30,0,0,0,0,0,0,0,0
Adrian Cramp,386,21,1,12,27,28,0,0,0,0,0
Agata Cardoza,387,21,8,0,0,0,0,0,0,0,0
Amal Hassan,388,21,11,0,0,0,0,0,0,0,0
Amanda,389,21,8,0,0,0,0,0,0,0,0
Anna Page,390,21,11,0,0,0,0,0,0,0,0
Antoinette Assor,391,21,10,13,0,0,0,0,0,0,0
Antoinette Simms,392,21,10,0,0,0,0,0,0,0,0
Aura Air,393,21,16,0,0,0,0,0,0,0,0
Ben Ledden,394,21,30,0,0,0,0,0,0,0,0
Bianca Samuels,395,21,16,0,0,0,0,0,0,0,0
Brian Parker,396,21,10,0,0,0,0,0,0,0,0
Catherine Maume,397,21,29,0,0,0,0,0,0,0,0
Chichester Road Group,398,21,14,15,18,0,0,0,0,0,0
Chris Wilson,399,21,2,0,0,0,0,0,0,0,0
Christina Briggs,400,21,28,31,0,0,0,0,0,0,0
Claudia Cotton,401,21,26,0,0,0,0,0,0,0,0
Dawn Eady,402,21,9,19,0,0,0,0,0,0,0
Elliot Muchenje,403,21,10,0,0,0,0,0,0,0,0
Enza Rubaro,404,21,6,0,0,0,0,0,0,0,0
Esther Wangui,405,21,20,21,0,0,0,0,0,0,0
Fatima Jobe,406,21,24,0,0,0,0,0,0,0,0
Florence George,407,21,13,0,0,0,0,0,0,0,0
Frank Gregson,408,21,11,0,0,0,0,0,0,0,0
Heys Wolfenden,409,21,31,0,0,0,0,0,0,0,0
Ian Joseph,410,21,16,0,0,0,0,0,0,0,0
James O??Kelly,411,21,2,10,26,0,0,0,0,0,0
James Raji,412,21,25,0,0,0,0,0,0,0,0
Joaquim Menezes,413,21,21,32,0,0,0,0,0,0,0
Joseph Monson,414,21,5,0,0,0,0,0,0,0,0
Juliet Kasumba,415,21,7,0,0,0,0,0,0,0,0
Katy Macky Moore,416,21,19,22,23,0,0,0,0,0,0
Kenny Murphy,417,21,26,0,0,0,0,0,0,0,0
Kiloran,418,21,10,0,0,0,0,0,0,0,0
Lee Harrison,419,21,22,0,0,0,0,0,0,0,0
Leeanne Merrill,420,21,28,0,0,0,0,0,0,0,0
Lewis Mahoney,421,21,8,13,0,0,0,0,0,0,0
Luke Slevin,422,21,11,13,24,25,28,0,0,0,0
Mark Jennings,423,21,26,0,0,0,0,0,0,0,0
Michael Horgan,424,21,29,0,0,0,0,0,0,0,0
Owen Pearson,425,21,30,0,0,0,0,0,0,0,0
Peter Behan,426,21,25,32,0,0,0,0,0,0,0
Richard Plowden,427,21,29,31,0,0,0,0,0,0,0
Robert Perry,428,21,4,0,0,0,0,0,0,0,0
Ronald Hogben,429,21,7,0,0,0,0,0,0,0,0
Ronnie Place,430,21,23,0,0,0,0,0,0,0,0
Rose Chapman,431,21,11,0,0,0,0,0,0,0,0
Rowan Righelato,432,21,27,0,0,0,0,0,0,0,0
Roy Aldridge,433,21,10,13,17,0,0,0,0,0,0
Steve Hoyland,434,21,31,0,0,0,0,0,0,0,0
Stuart McCormack,435,21,16,0,0,0,0,0,0,0,0
Thomas O''Hagan,436,21,30,0,0,0,0,0,0,0,0
Tracy,437,21,9,0,0,0,0,0,0,0,0
Yorusalem Amanuel,438,21,19,0,0,0,0,0,0,0,0
A.K. Whitehead,439,20,26,0,0,0,0,0,0,0,0
Anonymous,440,20,6,0,0,0,0,0,0,0,0
Barry Morrissey,441,20,19,0,0,0,0,0,0,0,0
Brian Parker,442,20,12,0,0,0,0,0,0,0,0
Carol Laffey,443,20,11,0,0,0,0,0,0,0,0
Claudia Cotton,444,20,12,0,0,0,0,0,0,0,0
Darren Munroe,445,20,1,6,0,0,0,0,0,0,0
Dean Uba,446,20,15,27,0,0,0,0,0,0,0
Elliot Muchenje,447,20,9,0,0,0,0,0,0,0,0
Endell Street Writers'' Collect,448,20,19,0,0,0,0,0,0,0,0
Enza Rubaro,449,20,0,0,0,0,0,0,0,0,0
Esther Wangui,450,20,20,21,23,0,0,0,0,0,0
Felix Spowage,451,20,24,25,0,0,0,0,0,0,0
Fikade Assefa,452,20,7,0,0,0,0,0,0,0,0
Frank Divers,453,20,7,0,0,0,0,0,0,0,0
Frank Gregson,454,20,6,0,0,0,0,0,0,0,0
Geoffrey Hoffman,455,20,27,0,0,0,0,0,0,0,0
Ian Stewart,456,20,21,0,0,0,0,0,0,0,0
James Brockwell,457,20,2,0,0,0,0,0,0,0,0
James McInerney,458,20,27,0,0,0,0,0,0,0,0
James O??Kelly,459,20,12,0,0,0,0,0,0,0,0
Joaquim Menezes,460,20,13,0,0,0,0,0,0,0,0
John Murphy,461,20,7,0,0,0,0,0,0,0,0
John O''Malley,462,20,26,0,0,0,0,0,0,0,0
Joseph Kitson,463,20,14,15,16,0,0,0,0,0,0
Joseph Monson,464,20,22,23,0,0,0,0,0,0,0
Katy Macky Moore,465,20,4,5,0,0,0,0,0,0,0
Leeanne Merrill,466,20,19,0,0,0,0,0,0,0,0
Lewis Mahoney,467,20,5,0,0,0,0,0,0,0,0
Luke Slevin,468,20,7,10,11,0,0,0,0,0,0
Mare Street Residents,469,20,1,0,0,0,0,0,0,0,0
Michael Ryan,470,20,12,0,0,0,0,0,0,0,0
Miss GG,471,20,17,0,0,0,0,0,0,0,0
Monika Mroczka,472,20,24,25,0,0,0,0,0,0,0
Patrick haire,473,20,11,0,0,0,0,0,0,0,0
Paul Chandler,474,20,3,26,0,0,0,0,0,0,0
Paul Gerber,475,20,3,0,0,0,0,0,0,0,0
Paul Knight-Kirby,476,20,26,0,0,0,0,0,0,0,0
Peter Adams,477,20,27,0,0,0,0,0,0,0,0
Peter Behan,478,20,28,0,0,0,0,0,0,0,0
Reza Parto Azam,479,20,18,0,0,0,0,0,0,0,0
Richard Powell,480,20,4,0,0,0,0,0,0,0,0
Robert Perry,481,20,6,0,0,0,0,0,0,0,0
Ronald Hogben,482,20,6,13,0,0,0,0,0,0,0
Roy Aldridge,483,20,6,8,9,0,0,0,0,0,0
Shane Wheatley,484,20,10,0,0,0,0,0,0,0,0
A-Jay-T,485,30,38,0,0,0,0,0,0,0,0
Allen Sylvester,486,30,12,23,0,0,0,0,0,0,0
Andrea,487,30,11,0,0,0,0,0,0,0,0
Andreana Sutherland,488,30,16,17,0,0,0,0,0,0,0
Anthony Scamp,489,30,20,21,0,0,0,0,0,0,0
Arvind Ladva,490,30,20,21,0,0,0,0,0,0,0
Assiah Serroukh,491,30,7,25,0,0,0,0,0,0,0
Barry Morrissey,492,30,29,0,0,0,0,0,0,0,0
Brian McClure,493,30,34,0,0,0,0,0,0,0,0
C,494,30,20,21,0,0,0,0,0,0,0
Claudia Cotton,495,30,20,21,0,0,0,0,0,0,0
Cormac Kilfeather,496,30,23,0,0,0,0,0,0,0,0
David Clive Anthony,497,30,11,0,0,0,0,0,0,0,0
Denis McCormick,498,30,36,0,0,0,0,0,0,0,0
Domini,499,30,11,0,0,0,0,0,0,0,0
E,500,30,20,21,0,0,0,0,0,0,0
Erika,501,30,14,0,0,0,0,0,0,0,0
Esther Wangui,502,30,30,31,0,0,0,0,0,0,0
Frank Gregson,503,30,20,21,0,0,0,0,0,0,0
Gasan,504,30,39,0,0,0,0,0,0,0,0
Gemma Maitland,505,30,10,0,0,0,0,0,0,0,0
George Woodman,506,30,21,0,0,0,0,0,0,0,0
Gertrude Dophon,507,30,22,0,0,0,0,0,0,0,0
Heidi Lees,508,30,37,0,0,0,0,0,0,0,0
Hicham Bensassi,509,30,6,0,0,0,0,0,0,0,0
Ian Stewart,510,30,27,0,0,0,0,0,0,0,0
James O''Kelly,511,30,20,21,0,0,0,0,0,0,0
Janet Mortimer,512,30,15,0,0,0,0,0,0,0,0
Jeanette Rourke,513,30,35,0,0,0,0,0,0,0,0
Jeff Beattie,514,30,17,24,26,29,0,0,0,0,0
Jen Burnham,515,30,29,0,0,0,0,0,0,0,0
Jim Doyle,516,30,8,9,0,0,0,0,0,0,0
JLT,517,30,38,0,0,0,0,0,0,0,0
John Cassidy,518,30,21,0,0,0,0,0,0,0,0
Joseph Kitson,519,30,2,18,29,0,0,0,0,0,0
Karl Slater,520,30,26,0,0,0,0,0,0,0,0
Katy Macky Moore,521,30,29,32,33,0,0,0,0,0,0
Leila Persaud,522,30,28,0,0,0,0,0,0,0,0
Lisbeth Loven,523,30,13,0,0,0,0,0,0,0,0
Luke Slevin,524,30,15,25,0,0,0,0,0,0,0
Luna,525,30,2,15,0,0,0,0,0,0,0
M J McLeod,526,30,19,0,0,0,0,0,0,0,0
Marc Carver,527,30,17,0,0,0,0,0,0,0,0
Maria Pastor,528,30,25,0,0,0,0,0,0,0,0
Mariama Sennah,529,30,21,0,0,0,0,0,0,0,0
Mexico,530,30,20,21,0,0,0,0,0,0,0
Michael Gayle,531,30,34,0,0,0,0,0,0,0,0
Michael Ryan,532,30,20,21,0,0,0,0,0,0,0
Moira,533,30,9,0,0,0,0,0,0,0,0
P,534,30,11,0,0,0,0,0,0,0,0
Patrick,535,30,22,0,0,0,0,0,0,0,0
Paul Sloat,536,30,38,0,0,0,0,0,0,0,0
PB,537,30,20,21,0,0,0,0,0,0,0
R,538,30,20,21,0,0,0,0,0,0,0
Reza Parto Azam,539,30,24,29,0,0,0,0,0,0,0
Robert Mitchell,540,30,7,0,0,0,0,0,0,0,0
Robert Perry,541,30,24,0,0,0,0,0,0,0,0
Robert Taggart,542,30,18,0,0,0,0,0,0,0,0
Ronald Hogben,543,30,12,13,20,21,0,0,0,0,0
Roy Aldridge,544,30,20,0,0,0,0,0,0,0,0
Samantha Maher,545,30,34,0,0,0,0,0,0,0,0
Sarah Dyble,546,30,35,0,0,0,0,0,0,0,0
Spirits Rebellious,547,30,29,0,0,0,0,0,0,0,0
Stik,548,30,37,0,0,0,0,0,0,0,0
Svetlana Angelova,549,30,6,0,0,0,0,0,0,0,0
Tee Falcone,550,30,6,31,0,0,0,0,0,0,0
Tommy Downie,551,30,6,15,25,27,30,36,37,38,39
Tracy Glynn,552,30,14,0,0,0,0,0,0,0,0
Yousif Farah,553,30,26,0,0,0,0,0,0,0,0
Zara Baile,554,30,6,0,0,0,0,0,0,0,0
Heidi Lees,555,31,1,8,9,0,0,0,0,0,0
John Murphy,556,31,3,13,0,0,0,0,0,0,0
Andrew Dalton,557,31,5,6,0,0,0,0,0,0,0
Robert Archer,558,31,4,6,0,0,0,0,0,0,0
Wayne Coleman,559,31,6,0,0,0,0,0,0,0,0
Ronald Husk,560,31,6,10,0,0,0,0,0,0,0
Brian McClure,561,31,7,28,0,0,0,0,0,0,0
Reza Parto Azam,562,31,7,0,0,0,0,0,0,0,0
Mia Lyons,563,31,11,0,0,0,0,0,0,0,0
Barry Morrissey,564,31,11,0,0,0,0,0,0,0,0
Ronald Hogben,565,31,12,0,0,0,0,0,0,0,0
Frank Gregson,566,31,14,0,0,0,0,0,0,0,0
Anthony Strange,567,31,14,0,0,0,0,0,0,0,0
Joseph Kitson,568,31,15,33,0,0,0,0,0,0,0
John Ganley,569,31,16,0,0,0,0,0,0,0,0
Lewis Mahoney,570,31,16,0,0,0,0,0,0,0,0
James O'Kelly,571,31,16,0,0,0,0,0,0,0,0
Tee Falcone,572,31,17,0,0,0,0,0,0,0,0
Mare Street Group,573,31,18,0,0,0,0,0,0,0,0
Egg,574,31,19,0,0,0,0,0,0,0,0
RPS,575,31,19,0,0,0,0,0,0,0,0
Dean Berrett,576,31,19,0,0,0,0,0,0,0,0
HD Anniversary,577,31,20,21,0,0,0,0,0,0,0
Allen Sylvester,578,31,22,0,0,0,0,0,0,0,0
Tommy Downie,579,31,22,31,0,0,0,0,0,0,0
Wow Poetry Group,580,31,23,0,0,0,0,0,0,0,0
Ejiro Evwierhoma,581,31,24,0,0,0,0,0,0,0,0
Arkadiusz Bentkowski,582,31,25,0,0,0,0,0,0,0,0
Lisa Dillon,583,31,26,0,0,0,0,0,0,0,0
Sangeet Pattni,584,31,27,0,0,0,0,0,0,0,0
Maria Pastor,585,31,27,28,0,0,0,0,0,0,0
Paula Wichall,586,31,28,0,0,0,0,0,0,0,0
Rafael,587,31,28,0,0,0,0,0,0,0,0
Yana,588,31,28,0,0,0,0,0,0,0,0
Colin,589,31,29,0,0,0,0,0,0,0,0
Michael Gayle,590,31,29,0,0,0,0,0,0,0,0
Trisha,591,31,29,0,0,0,0,0,0,0,0
Moira,592,31,29,0,0,0,0,0,0,0,0
Luke Slevin,593,31,30,31,36,0,0,0,0,0,0
Conrad Baron,594,31,32,0,0,0,0,0,0,0,0
J,595,31,32,0,0,0,0,0,0,0,0
Denis McCormick,596,31,32,0,0,0,0,0,0,0,0
Janet Mortimer and Group,597,31,34,35,0,0,0,0,0,0,0
Amanda Cassidy,598,31,37,0,0,0,0,0,0,0,0
Robert Taggart,599,31,37,0,0,0,0,0,0,0,0
Arvind Ladva,600,31,38,0,0,0,0,0,0,0,0
Gina James,601,31,38,0,0,0,0,0,0,0,0
Stevo Manojlovich,602,31,39,0,0,0,0,0,0,0,0
Sally Plumb,603,31,39,0,0,0,0,0,0,0,0
Michael Lee Johnson,604,31,39,0,0,0,0,0,0,0,0
Nikka,605,31,40,0,0,0,0,0,0,0,0
Reza Parto Azam,606,32,1,18,0,0,0,0,0,0,0
John Ganley,607,32,4,0,0,0,0,0,0,0,0
Joe,608,32,4,0,0,0,0,0,0,0,0
Jools,609,32,4,29,0,0,0,0,0,0,0
Unknown artist,610,32,4,0,0,0,0,0,0,0,0
Denis McCormick,611,32,5,0,0,0,0,0,0,0,0
Rohan Joseph,612,32,5,30,0,0,0,0,0,0,0
Philip Goblein,613,32,5,6,0,0,0,0,0,0,0
Stephen Scanlon,614,32,7,0,0,0,0,0,0,0,0
Margaret Kennedy,615,32,8,40,0,0,0,0,0,0,0
Joseph Kitson,616,32,8,31,37,0,0,0,0,0,0
Scott M Walter,617,32,9,0,0,0,0,0,0,0,0
Tee Falcone,618,32,9,0,0,0,0,0,0,0,0
Ejiro Evwierhoma,619,32,10,11,0,0,0,0,0,0,0
Wow Poetry Group,620,32,12,13,0,0,0,0,0,0,0
Spirits Rebellious,621,32,14,15,0,0,0,0,0,0,0
Simon Phillips,622,32,15,0,0,0,0,0,0,0,0
Martin Williams,623,32,15,0,0,0,0,0,0,0,0
Janet Mortimer art group,624,32,16,17,0,0,0,0,0,0,0
Dwayne Bright,625,32,17,0,0,0,0,0,0,0,0
Lee Fraser,626,32,18,0,0,0,0,0,0,0,0
Donna Carraway,627,32,18,0,0,0,0,0,0,0,0
Allen Sylvester,628,32,19,0,0,0,0,0,0,0,0
Terry Murphy,629,32,19,0,0,0,0,0,0,0,0
John Patrick Murphy,630,32,20,21,0,0,0,0,0,0,0
Kevin Farrell,631,32,20,0,0,0,0,0,0,0,0
Robert Archer,632,32,22,23,25,0,0,0,0,0,0
Arkadiusz Bentkowski,633,32,24,25,0,0,0,0,0,0,0
Maria Pastor,634,32,26,0,0,0,0,0,0,0,0
Chika,635,32,26,0,0,0,0,0,0,0,0
Violetta,636,32,26,0,0,0,0,0,0,0,0
Tommie Downie,637,32,26,0,0,0,0,0,0,0,0
Yousif Farah,638,32,27,0,0,0,0,0,0,0,0
Patricia,639,32,27,0,0,0,0,0,0,0,0
Conrad,640,32,27,0,0,0,0,0,0,0,0
Nikisha,641,32,27,0,0,0,0,0,0,0,0
Amanda Cassidy,642,32,28,0,0,0,0,0,0,0,0
Becky,643,32,28,0,0,0,0,0,0,0,0
Luke Slevin,644,32,28,30,0,0,0,0,0,0,0
Moira,645,32,29,0,0,0,0,0,0,0,0
Jeff Beattie,646,32,29,0,0,0,0,0,0,0,0
OJ,647,32,32,33,0,0,0,0,0,0,0
Robert Taggart,648,32,32,33,0,0,0,0,0,0,0
Barry Morrissey,649,32,34,35,0,0,0,0,0,0,0
Patrick Haire,650,32,35,0,0,0,0,0,0,0,0
Salvatore Biondo,651,32,35,0,0,0,0,0,0,0,0
Artur Rica,652,32,35,0,0,0,0,0,0,0,0
Joshua Mussie,653,32,36,0,0,0,0,0,0,0,0
Justin Imafidon,654,32,36,0,0,0,0,0,0,0,0
Kevin Speid,655,32,37,0,0,0,0,0,0,0,0
Victor Kewal,656,32,38,0,0,0,0,0,0,0,0
Keith Woodhouse,657,32,39,0,0,0,0,0,0,0,0
A.D. Harvey,658,32,39,0,0,0,0,0,0,0,0
Helen Burke,659,32,39,0,0,0,0,0,0,0,0
James Brockwell,660,33,4,26,27,0,0,0,0,0,0
Allen Sylvester,661,33,5,24,0,0,0,0,0,0,0
Anonymous,662,33,5,24,0,0,0,0,0,0,0
Simon Phillips,663,33,5,26,0,0,0,0,0,0,0
Chansa,664,33,5,0,0,0,0,0,0,0,0
Claudia Cotton,665,33,6,7,0,0,0,0,0,0,0
Philip Goblein,666,33,6,7,31,0,0,0,0,0,0
Bobby Cass,667,33,8,0,0,0,0,0,0,0,0
Stephen Scanlon,668,33,8,27,0,0,0,0,0,0,0
John Watts,669,33,9,0,0,0,0,0,0,0,0
Liam McGregor,670,33,9,0,0,0,0,0,0,0,0
Wayne Coleman,671,33,10,0,0,0,0,0,0,0,0
Katy Macky Moore,672,33,10,32,0,0,0,0,0,0,0
Helen Burke,673,33,10,11,0,0,0,0,0,0,0
Angela Pollitzer,674,33,12,0,0,0,0,0,0,0,0
Gerry Mitchell,675,33,13,0,0,0,0,0,0,0,0
"Art of Life class, Janet Mortime",676,33,14,0,0,0,0,0,0,0,0
Joseph Kitson,677,33,14,15,16,17,18,19,36,0,0
Ronald Hogben,678,33,14,25,0,0,0,0,0,0,0
Tom Downie,679,33,17,38,39,0,0,0,0,0,0
Dwayne Bright,680,33,20,28,0,0,0,0,0,0,0
Olu,681,33,21,0,0,0,0,0,0,0,0
Tenesha May Alexander,682,33,22,23,0,0,0,0,0,0,0
Jen Burnham,683,33,24,0,0,0,0,0,0,0,0
Kelly Solomons,684,33,25,0,0,0,0,0,0,0,0
P.M.,685,33,25,33,0,0,0,0,0,0,0
Arkadiusz Bentkowski,686,33,29,0,0,0,0,0,0,0,0
Robert Taggart,687,33,30,0,0,0,0,0,0,0,0
Darrell Campbell,688,33,30,0,0,0,0,0,0,0,0
Luke Slevin,689,33,30,31,0,0,0,0,0,0,0
Sergei Korovicyn,690,33,33,0,0,0,0,0,0,0,0
Yousif Farah,691,33,34,0,0,0,0,0,0,0,0
Arlington Creative Space,692,33,35,0,0,0,0,0,0,0,0
Wellbeing Day,693,33,36,0,0,0,0,0,0,0,0
Gray's Inn Road,694,33,37,0,0,0,0,0,0,0,0
Justin Imafidon,695,33,37,0,0,0,0,0,0,0,0
Barry Morrissey,696,33,37,0,0,0,0,0,0,0,0
Salvatore Biondo,697,33,38,0,0,0,0,0,0,0,0
Kevin Serinya,698,33,40,0,0,0,0,0,0,0,0
Anna Johnson,699,33,40,0,0,0,0,0,0,0,0
Maria Pastor,,,1,10,,,,,,,
Natalie Peterson,,,2,,,,,,,,
Patrick Haire,,,3,37,,,,,,,
Conrad Baron,,,4,5,,,,,,,
Lambro,,,5,,,,,,,,
Ronald Hogben,,,5,15,,,,,,,
Arkadiusz Bentkowski,,,5,27,35,,,,,,
Danny R,,,6,,,,,,,,
Edwin T,,,6,,,,,,,,
David K,,,6,,,,,,,,
Anthony C,,,7,,,,,,,,
Darren M,,,7,,,,,,,,
David A,,,7,,,,,,,,
A Eden,,,7,,,,,,,,
Stephen Scanlon,,,8,,,,,,,,
James Mealing,,,9,,,,,,,,
Leonardo de Vincey aged 3,,,10,,,,,,,,
Anonymous,,,10,,,,,,,,
Jools,,,10,,,,,,,,
Lorrain Davis,,,10,,,,,,,,
Tracy Glynn,,,11,23,,,,,,,
Angela Pollitzer,,,12,,,,,,,,
John Patrick Murphy,,,13,,,,,,,,
Jamie Moore,,,13,,,,,,,,
Philip Goblein,,,13,16,26,40,,,,,
Shaaban Waziri Juma,,,14,,,,,,,,
Darrell Campbell,,,14,,,,,,,,
Mare Street Group,,,15,,,,,,,,
Gerard Mitchell,,,17,,,,,,,,
Simon Richardson,,,18,,,,,,,,
Greg Brummel,,,18,,,,,,,,
Zara Matthie,,,18,,,,,,,,
Alisha James,,,18,,,,,,,,
David Mortlake,,,19,,,,,,,,
Robert Archer,,,19,24,25,,,,,,
Mario Pesenti,,,20,,,,,,,,
Luke Slevin,,,20,34,36,,,,,,
Pauline Porter,,,21,,,,,,,,
Mr A.R.Tist,,,22,,,,,,,,
Moira,,,22,23,,,,,,,
Roxana Gangoo,,,23,,,,,,,,
Toofic,,,23,,,,,,,,
Yana,,,23,,,,,,,,
Mohamed Mohamoud,,,26,,,,,,,,
Matthew Levesconte,,,26,,,,,,,,
"Justin, Darrell, Joshua, Federico, Joe",,,27,,,,,,,,
Hannah Lector,,,27,,,,,,,,
Ian Stewart,,,28,,,,,,,,
Hannah Kaley,,,28,,,,,,,,
Szeling,,,29,,,,,,,,
Joseph Kitson,,,29,30,33,36,,,,,
Jen Burnham,,,30,,,,,,,,
Barry Morrissey,,,30,,,,,,,,
Katy Macky Moore,,,30,,,,,,,,
Reza Parto Azam,,,30,36,,,,,,,
Cafe Art,,,32,33,,,,,,,
Joshua Mussie,,,33,,,,,,,,
Alan Delphine,,,36,,,,,,,,
Kelly Solomons,,,36,,,,,,,,
Luc Figon,,,37,,,,,,,,
Sergei Korovicyn,,,37,,,,,,,,
Patrick Byrne,,,37,,,,,,,,
Gasan,,,37,,,,,,,,
Keith Woodhouse,,,38,,,,,,,,
Malcolm Currie,,,38,,,,,,,,
Sara Stewart,,,39,,,,,,,,
Sally Plumb,,,39,,,,,,,,1