Contributor,26_1,26_2,26_3,26_4,26_5,26_6,27_1,27_2,27_3,27_4,27_5,27_6,27_7,27_8
Angela Rowe,,,,,,,18,,,,,,,
Artur Rica,,,,,,,11,,,,,,,
Arvind Ladva,,,,,,,23,,,,,,,
Assiah Serroukh,,,,,,,31,,,,,,,
Bag Design at Recovery College,,,,,,,27,,,,,,,
Barry Morrissey,12,36,,,,,7,,,,,,,
Catherine Nagle,,,,,,,8,,,,,,,
Claudia Cotton,,,,,,,5,,,,,,,
Constantin Enach,,,,,,,16,,,,,,,
Daniel Mateus,,,,,,,1,15,,,,,,
David Cunningham,,,,,,,34,35,,,,,,
Denero Richards,,,,,,,27,,,,,,,
Denis McCormick,16,,,,,,4,,,,,,,
Ejiro Evwierhoma,1,6,13,18,19,31,36,,,,,,,
Emma Day,,,,,,,16,,,,,,,
Farhana Islam,,,,,,,16,,,,,,,
Gasan,9,35,,,,,35,,,,,,,
Ioan Sorin,,,,,,,25,,,,,,,
Jade,,,,,,,24,,,,,,,
Jama Jama,,,,,,,16,,,,,,,
James Corner,,,,,,,17,25,,,,,,
James O’Kelly,6,,,,,,23,,,,,,,
Janet Hull,,,,,,,17,18,,,,,,
Jelena Rosniece,,,,,,,14,17,,,,,,
Jeremiah,15,,,,,,24,,,,,,,
Jill Patterson,,,,,,,19,,,,,,,
Jonathan Armstrong,,,,,,,6,,,,,,,
Joseph Kitson,4,5,10,12,,,6,7,28,32,,,,
Joseph Monson,12,32,,,,,10,,,,,,,
Katy Macky Moore,2,7,,,,,9,,,,,,,
Kenny Murphy,,,,,,,22,,,,,,,
Krishna Rajbahak,,,,,,,25,,,,,,,
Leila Persaud,,,,,,,14,15,,,,,,
Luke Slevin,9,21,24,25,29,,11,20,23,30,31,33,,
M’Tola King (CJ),30,31,,,,,33,,,,,,,
Macayla Dawes,,,,,,,17,,,,,,,
Marc Satria,,,,,,,16,,,,,,,
Maria Pastor,,,,,,,1,9,,,,,,
Melvin Penny,,,,,,,29,,,,,,,
Meshack Pond,,,,,,,22,,,,,,,
Michael Gayle,,,,,,,32,,,,,,,
Michelle Hill,,,,,,,31,,,,,,,
Neil Williams,,,,,,,15,16,,,,,,
Nica,,,,,,,14,15,16,17,18,25,26,29
Outside In Women’s Group,,,,,,,1,19,,,,,,
Paul Hensman,,,,,,,15,16,,,,,,
Paula Wichall,,,,,,,21,,,,,,,
Reza Parto Azam,11,,,,,,9,,,,,,,
Robert Conolly,,,,,,,21,,,,,,,
Robert Perry,,,,,,,20,,,,,,,
Ronald Hogben,20,,,,,,13,,,,,,,
Roy Aldridge,12,13,15,17,,,5,12,,,,,,
Sara Nunn,,,,,,,31,,,,,,,
Sergio Graft,,,,,,,14,16,,,,,,
Shane Kiely,3,9,25,27,33,,25,,,,,,,
Stavroulla Andreou,,,,,,,8,,,,,,,
Steve McIntosh,1,26,,,,,18,,,,,,,
Themoulla Themistocleous,28,,,,,,14,18,,,,,,
Tommy Downie,,,,,,,31,,,,,,,
Varrel Morgan,,,,,,,12,,,,,,,
Viorel Dobos,,,,,,,16,,,,,,,
Vivien Balogun,,,,,,,16,,,,,,,
Well Being Day Collective,,,,,,,2,,,,,,,
Simon Phillips,4,5,,,,,,,,,,,,
Frank Gregson,6,,,,,,,,,,,,,
John Walker,6,,,,,,,,,,,,,
Richard Odonuga,7,,,,,,,,,,,,,
Yousif Farah,8,,,,,,,,,,,,,
Charlie,9,,,,,,,,,,,,,
Marcus Lamont,12,,,,,,,,,,,,,
Donna Gray,13,,,,,,,,,,,,,
Anthony Ikwueme,13,,,,,,,,,,,,,
Neil Bruns,14,,,,,,,,,,,,,
Kirsty Dunsby,15,,,,,,,,,,,,,
Dean Uba,21,,,,,,,,,,,,,
Sergio,22,27,,,,,,,,,,,,
Vanessa,22,,,,,,,,,,,,,
Varrel Morgan,22,23,,,,,,,,,,,,
Greg,23,,,,,,,,,,,,,
Angela,23,,,,,,,,,,,,,
Biker,23,,,,,,,,,,,,,
Carolina,23,,,,,,,,,,,,,
The North London Women’s Project,24,,,,,,,,,,,,,
Nica Candik,26,28,,,,,,,,,,,,
Jelena,26,,,,,,,,,,,,,
Emma,27,,,,,,,,,,,,,
Hassan,27,,,,,,,,,,,,,
Patrick,28,,,,,,,,,,,,,
Greg Brummel,29,,,,,,,,,,,,,
Yvonne,18,,,,,,,,,,,,,
David Wheadon,31,,,,,,,,,,,,,
Levi Jacub,33,,,,,,,,,,,,,
Sally Plumb,33,,,,,,,,,,,,,
Margaret Galvin,34,,,,,,,,,,,,,
Robert Fern,34,,,,,,,,,,,,,
Colin James,35,,,,,,,,,,,,,
Diana Lazarevich,35,,,,,,,,,,,,,